<?xml version="1.0" encoding="UTF-8"?>
<employees>
    <employee>
        <id>1</id>
        <name>John Doe</name>
        <position>Software Engineer</position>
        <department>Development</department>
        <salary>70000</salary>
    </employee>
    <employee>
        <id>2</id>
        <name>Jane Smith</name>
        <position>Project Manager</position>
        <department>Management</department>
        <salary>90000</salary>
    </employee>
    <employee>
        <id>3</id>
        <name>Mike Johnson</name>
        <position>QA Engineer</position>
        <department>Quality Assurance</department>
        <salary>60000</salary>
    </employee>
</employees>
