<?xml version="1.0" encoding="UTF-8"?>
<products>
    <product>
        <id>1</id>
        <name>Laptop</name>
        <description>High-performance laptop with 16GB RAM.</description>
        <price>1200</price>
    </product>
    <product>
        <id>2</id>
        <name>Smartphone</name>
        <description>Latest smartphone with 5G technology.</description>
        <price>800</price>
    </product>
    <product>
        <id>3</id>
        <name>Wireless Earbuds</name>
        <description>Bluetooth earbuds with noise cancellation.</description>
        <price>150</price>
    </product>
</products>
